{
  "trained_at": "2026-07-09T10:38:21.235307",
  "features": [
    "Station_Encoded",
    "Month",
    "Max_Temp",
    "Min_Temp",
    "Rainfall",
    "Relative_Humidity",
    "Wind_Speed",
    "Cloud_Coverage",
    "Bright_Sunshine",
    "Temp_Range",
    "Rainfall_Humidity",
    "Monsoon_Intensity",
    "Rainfall_Monsoon",
    "Rainfall Rolling Mean 3",
    "Rainfall_lag_1",
    "Rainfall_lag_2",
    "Rainfall_lag_3",
    "Max_Temp_lag_1",
    "Min_Temp_lag_1",
    "Relative_Humidity_lag_1"
  ],
  "feature_importance": {
    "Rainfall_Humidity": 0.4345189929008484,
    "Rainfall": 0.20790624618530273,
    "Station_Encoded": 0.08156077563762665,
    "Monsoon_Intensity": 0.03259973227977753,
    "Month": 0.026029784232378006,
    "Relative_Humidity": 0.02338368259370327,
    "Rainfall_Monsoon": 0.02252713032066822,
    "Wind_Speed": 0.01879432238638401,
    "Min_Temp_lag_1": 0.018607530742883682,
    "Bright_Sunshine": 0.014395096339285374,
    "Cloud_Coverage": 0.014145239256322384,
    "Max_Temp": 0.013737150467932224,
    "Min_Temp": 0.013281624764204025,
    "Rainfall Rolling Mean 3": 0.013089336454868317,
    "Rainfall_lag_3": 0.012609782628715038,
    "Max_Temp_lag_1": 0.012068243697285652,
    "Rainfall_lag_1": 0.011182286776602268,
    "Temp_Range": 0.010914324782788754,
    "Relative_Humidity_lag_1": 0.010569923557341099,
    "Rainfall_lag_2": 0.008078839629888535
  },
  "metrics": {
    "accuracy": 0.9559794570799707,
    "precision": 0.883054892601432,
    "recall": 0.9002433090024331,
    "f1": 0.891566265060241,
    "auc": 0.9864873016830549
  },
  "label_classes": [
    "Barisal",
    "Bhola",
    "Bogra",
    "Chandpur",
    "Chittagong (City-Ambagan)",
    "Chittagong (IAP-Patenga)",
    "Comilla",
    "Cox's Bazar",
    "Dhaka",
    "Dinajpur",
    "Faridpur",
    "Feni",
    "Hatiya",
    "Ishurdi",
    "Jessore",
    "Khepupara",
    "Khulna",
    "Kutubdia",
    "Madaripur",
    "Maijdee Court",
    "Mongla",
    "Mymensingh",
    "Patuakhali",
    "Rajshahi",
    "Rangamati",
    "Rangpur",
    "Sandwip",
    "Satkhira",
    "Sitakunda",
    "Srimangal",
    "Sylhet",
    "Tangail",
    "Teknaf"
  ]
}